,Country Code,Country,UOM,Year,PPP
0,AUS,Australia,USD_PPP,1996,22709.924
1,AUS,Australia,USD_PPP,1997,23800.443
2,AUS,Australia,USD_PPP,1998,25042.83
3,AUS,Australia,USD_PPP,1999,26303.709
4,AUS,Australia,USD_PPP,2000,27416.973
5,AUS,Australia,USD_PPP,2001,28586.238
6,AUS,Australia,USD_PPP,2002,29912.102
7,AUS,Australia,USD_PPP,2003,31248.912
8,AUS,Australia,USD_PPP,2004,32873.367
9,AUS,Australia,USD_PPP,2005,34338.676
10,AUS,Australia,USD_PPP,2006,36380.859
11,AUS,Australia,USD_PPP,2007,38158.223
12,AUS,Australia,USD_PPP,2008,38824.094
13,AUS,Australia,USD_PPP,2009,40989.738
14,AUS,Australia,USD_PPP,2010,41089.977
15,AUS,Australia,USD_PPP,2011,43229.367
16,AUS,Australia,USD_PPP,2012,43365.938
17,AUS,Australia,USD_PPP,2013,46835.516
18,AUS,Australia,USD_PPP,2014,47244.465
19,AUS,Australia,USD_PPP,2015,46739.086
20,AUS,Australia,USD_PPP,2016,48693.125
21,AUS,Australia,USD_PPP,2017,49537.859
22,AUS,Australia,USD_PPP,2018,51575.957
23,AUS,Australia,USD_PPP,2019,52294.527
24,AUS,Australia,USD_PPP,2020,54339.109
25,AUS,Australia,USD_PPP,2021,58906.555
26,AUT,Austria,USD_PPP,1995,23698.109
27,AUT,Austria,USD_PPP,1996,24560.627
28,AUT,Austria,USD_PPP,1997,25426.662
29,AUT,Austria,USD_PPP,1998,26675.65
30,AUT,Austria,USD_PPP,1999,27606.486
31,AUT,Austria,USD_PPP,2000,29381.686
32,AUT,Austria,USD_PPP,2001,29708.494
33,AUT,Austria,USD_PPP,2002,31178.061
34,AUT,Austria,USD_PPP,2003,32158.455
35,AUT,Austria,USD_PPP,2004,33784.457
36,AUT,Austria,USD_PPP,2005,35024.574
37,AUT,Austria,USD_PPP,2006,37662.891
38,AUT,Austria,USD_PPP,2007,39437.023
39,AUT,Austria,USD_PPP,2008,41316.0
40,AUT,Austria,USD_PPP,2009,40927.547
41,AUT,Austria,USD_PPP,2010,42019.023
42,AUT,Austria,USD_PPP,2011,44469.207
43,AUT,Austria,USD_PPP,2012,46477.637
44,AUT,Austria,USD_PPP,2013,47936.707
45,AUT,Austria,USD_PPP,2014,48813.559
46,AUT,Austria,USD_PPP,2015,49942.066
47,AUT,Austria,USD_PPP,2016,52665.102
48,AUT,Austria,USD_PPP,2017,54188.344
49,AUT,Austria,USD_PPP,2018,56956.074
50,AUT,Austria,USD_PPP,2019,59719.578
51,AUT,Austria,USD_PPP,2020,57258.813
52,AUT,Austria,USD_PPP,2021,59991.477
53,BEL,Belgium,USD_PPP,1995,22447.045
54,BEL,Belgium,USD_PPP,1996,22743.887
55,BEL,Belgium,USD_PPP,1997,23732.793
56,BEL,Belgium,USD_PPP,1998,24369.506
57,BEL,Belgium,USD_PPP,1999,25441.883
58,BEL,Belgium,USD_PPP,2000,27790.621
59,BEL,Belgium,USD_PPP,2001,28792.408
60,BEL,Belgium,USD_PPP,2002,30281.658
61,BEL,Belgium,USD_PPP,2003,30934.838
62,BEL,Belgium,USD_PPP,2004,32063.682
63,BEL,Belgium,USD_PPP,2005,33176.68
64,BEL,Belgium,USD_PPP,2006,35256.789
65,BEL,Belgium,USD_PPP,2007,36794.809
66,BEL,Belgium,USD_PPP,2008,37883.238
67,BEL,Belgium,USD_PPP,2009,37751.633
68,BEL,Belgium,USD_PPP,2010,39836.527
69,BEL,Belgium,USD_PPP,2011,40943.352
70,BEL,Belgium,USD_PPP,2012,42290.504
71,BEL,Belgium,USD_PPP,2013,43672.711
72,BEL,Belgium,USD_PPP,2014,44929.914
73,BEL,Belgium,USD_PPP,2015,46201.707
74,BEL,Belgium,USD_PPP,2016,48599.211
75,BEL,Belgium,USD_PPP,2017,50442.973
76,BEL,Belgium,USD_PPP,2018,52530.809
77,BEL,Belgium,USD_PPP,2019,55801.098
78,BEL,Belgium,USD_PPP,2020,54544.289
79,BEL,Belgium,USD_PPP,2021,58821.004
80,CAN,Canada,USD_PPP,1996,23458.322
81,CAN,Canada,USD_PPP,1997,24276.018
82,CAN,Canada,USD_PPP,1998,25614.277
83,CAN,Canada,USD_PPP,1999,26445.738
84,CAN,Canada,USD_PPP,2000,27408.264
85,CAN,Canada,USD_PPP,2001,29468.889
86,CAN,Canada,USD_PPP,2002,30007.039
87,CAN,Canada,USD_PPP,2003,31169.514
88,CAN,Canada,USD_PPP,2004,32383.217
89,CAN,Canada,USD_PPP,2005,34682.117
90,CAN,Canada,USD_PPP,2006,36687.16
91,CAN,Canada,USD_PPP,2007,38050.359
92,CAN,Canada,USD_PPP,2008,38925.672
93,CAN,Canada,USD_PPP,2009,40455.324
94,CAN,Canada,USD_PPP,2010,38389.77
95,CAN,Canada,USD_PPP,2011,39764.027
96,CAN,Canada,USD_PPP,2012,41368.457
97,CAN,Canada,USD_PPP,2013,42987.809
98,CAN,Canada,USD_PPP,2014,44160.031
99,CAN,Canada,USD_PPP,2015,44745.078
100,CAN,Canada,USD_PPP,2016,45868.508
101,CAN,Canada,USD_PPP,2017,46368.602
102,CAN,Canada,USD_PPP,2018,48399.008
103,CAN,Canada,USD_PPP,2019,48574.168
104,CAN,Canada,USD_PPP,2020,48891.527
105,CAN,Canada,USD_PPP,2021,48270.602
106,CZE,Czech Republic,USD_PPP,1995,13855.324
107,CZE,Czech Republic,USD_PPP,1996,14689.583
108,CZE,Czech Republic,USD_PPP,1997,14825.329
109,CZE,Czech Republic,USD_PPP,1998,14977.241
110,CZE,Czech Republic,USD_PPP,1999,15397.923
111,CZE,Czech Republic,USD_PPP,2000,16211.043
112,CZE,Czech Republic,USD_PPP,2001,17611.359
113,CZE,Czech Republic,USD_PPP,2002,18245.67
114,CZE,Czech Republic,USD_PPP,2003,19524.4
115,CZE,Czech Republic,USD_PPP,2004,20912.055
116,CZE,Czech Republic,USD_PPP,2005,22045.998
117,CZE,Czech Republic,USD_PPP,2006,23857.518
118,CZE,Czech Republic,USD_PPP,2007,26224.941
119,CZE,Czech Republic,USD_PPP,2008,27853.549
120,CZE,Czech Republic,USD_PPP,2009,27635.957
121,CZE,Czech Republic,USD_PPP,2010,27766.984
122,CZE,Czech Republic,USD_PPP,2011,28999.754
123,CZE,Czech Republic,USD_PPP,2012,29258.904
124,CZE,Czech Republic,USD_PPP,2013,30828.525
125,CZE,Czech Republic,USD_PPP,2014,32504.217
126,CZE,Czech Republic,USD_PPP,2015,33909.309
127,CZE,Czech Republic,USD_PPP,2016,36101.285
128,CZE,Czech Republic,USD_PPP,2017,38842.898
129,CZE,Czech Republic,USD_PPP,2018,41157.371
130,CZE,Czech Republic,USD_PPP,2019,44223.297
131,CZE,Czech Republic,USD_PPP,2020,42817.867
132,CZE,Czech Republic,USD_PPP,2021,44813.004
133,DNK,Denmark,USD_PPP,1995,22711.795
134,DNK,Denmark,USD_PPP,1996,23746.219
135,DNK,Denmark,USD_PPP,1997,24928.303
136,DNK,Denmark,USD_PPP,1998,25820.592
137,DNK,Denmark,USD_PPP,1999,26657.826
138,DNK,Denmark,USD_PPP,2000,28672.33
139,DNK,Denmark,USD_PPP,2001,29452.762
140,DNK,Denmark,USD_PPP,2002,30639.953
141,DNK,Denmark,USD_PPP,2003,30825.225
142,DNK,Denmark,USD_PPP,2004,32948.168
143,DNK,Denmark,USD_PPP,2005,34152.883
144,DNK,Denmark,USD_PPP,2006,37333.848
145,DNK,Denmark,USD_PPP,2007,39021.414
146,DNK,Denmark,USD_PPP,2008,41282.992
147,DNK,Denmark,USD_PPP,2009,40332.52
148,DNK,Denmark,USD_PPP,2010,43006.152
149,DNK,Denmark,USD_PPP,2011,44407.945
150,DNK,Denmark,USD_PPP,2012,44808.551
151,DNK,Denmark,USD_PPP,2013,46742.938
152,DNK,Denmark,USD_PPP,2014,47905.48
153,DNK,Denmark,USD_PPP,2015,49058.141
154,DNK,Denmark,USD_PPP,2016,51967.023
155,DNK,Denmark,USD_PPP,2017,55356.488
156,DNK,Denmark,USD_PPP,2018,57479.352
157,DNK,Denmark,USD_PPP,2019,59884.113
158,DNK,Denmark,USD_PPP,2020,60846.809
159,DNK,Denmark,USD_PPP,2021,64914.195
160,FIN,Finland,USD_PPP,1995,19587.66
161,FIN,Finland,USD_PPP,1996,20087.762
162,FIN,Finland,USD_PPP,1997,21794.592
163,FIN,Finland,USD_PPP,1998,23577.484
164,FIN,Finland,USD_PPP,1999,24767.156
165,FIN,Finland,USD_PPP,2000,26789.926
166,FIN,Finland,USD_PPP,2001,27801.068
167,FIN,Finland,USD_PPP,2002,28605.111
168,FIN,Finland,USD_PPP,2003,29053.043
169,FIN,Finland,USD_PPP,2004,31201.76
170,FIN,Finland,USD_PPP,2005,32051.77
171,FIN,Finland,USD_PPP,2006,34452.691
172,FIN,Finland,USD_PPP,2007,37843.262
173,FIN,Finland,USD_PPP,2008,40083.691
174,FIN,Finland,USD_PPP,2009,37972.445
175,FIN,Finland,USD_PPP,2010,38954.133
176,FIN,Finland,USD_PPP,2011,40916.625
177,FIN,Finland,USD_PPP,2012,40872.875
178,FIN,Finland,USD_PPP,2013,41492.93
179,FIN,Finland,USD_PPP,2014,41749.848
180,FIN,Finland,USD_PPP,2015,42490.191
181,FIN,Finland,USD_PPP,2016,44934.473
182,FIN,Finland,USD_PPP,2017,47570.254
183,FIN,Finland,USD_PPP,2018,49573.266
184,FIN,Finland,USD_PPP,2019,51811.613
185,FIN,Finland,USD_PPP,2020,52294.348
186,FIN,Finland,USD_PPP,2021,54701.676
187,FRA,France,USD_PPP,1995,20782.666
188,FRA,France,USD_PPP,1996,21362.725
189,FRA,France,USD_PPP,1997,22247.34
190,FRA,France,USD_PPP,1998,23363.975
191,FRA,France,USD_PPP,1999,24311.404
192,FRA,France,USD_PPP,2000,26099.727
193,FRA,France,USD_PPP,2001,27499.555
194,FRA,France,USD_PPP,2002,28528.164
195,FRA,France,USD_PPP,2003,28178.563
196,FRA,France,USD_PPP,2004,29065.227
197,FRA,France,USD_PPP,2005,30504.061
198,FRA,France,USD_PPP,2006,32472.789
199,FRA,France,USD_PPP,2007,34132.695
200,FRA,France,USD_PPP,2008,35102.887
201,FRA,France,USD_PPP,2009,34686.484
202,FRA,France,USD_PPP,2010,35910.211
203,FRA,France,USD_PPP,2011,37447.961
204,FRA,France,USD_PPP,2012,37684.176
205,FRA,France,USD_PPP,2013,39528.457
206,FRA,France,USD_PPP,2014,40144.066
207,FRA,France,USD_PPP,2015,40829.918
208,FRA,France,USD_PPP,2016,42855.957
209,FRA,France,USD_PPP,2017,44445.57
210,FRA,France,USD_PPP,2018,46336.934
211,FRA,France,USD_PPP,2019,50222.23
212,FRA,France,USD_PPP,2020,47828.547
213,FRA,France,USD_PPP,2021,51011.816
214,DEU,Germany,USD_PPP,1995,23672.906
215,DEU,Germany,USD_PPP,1996,24211.203
216,DEU,Germany,USD_PPP,1997,24730.84
217,DEU,Germany,USD_PPP,1998,25532.756
218,DEU,Germany,USD_PPP,1999,26510.217
219,DEU,Germany,USD_PPP,2000,27456.277
220,DEU,Germany,USD_PPP,2001,28663.895
221,DEU,Germany,USD_PPP,2002,29504.301
222,DEU,Germany,USD_PPP,2003,30271.008
223,DEU,Germany,USD_PPP,2004,31741.869
224,DEU,Germany,USD_PPP,2005,32236.752
225,DEU,Germany,USD_PPP,2006,34664.547
226,DEU,Germany,USD_PPP,2007,36863.117
227,DEU,Germany,USD_PPP,2008,38432.441
228,DEU,Germany,USD_PPP,2009,37465.457
229,DEU,Germany,USD_PPP,2010,39675.023
230,DEU,Germany,USD_PPP,2011,42541.523
231,DEU,Germany,USD_PPP,2012,43359.52
232,DEU,Germany,USD_PPP,2013,44993.672
233,DEU,Germany,USD_PPP,2014,47011.262
234,DEU,Germany,USD_PPP,2015,47609.555
235,DEU,Germany,USD_PPP,2016,50579.48
236,DEU,Germany,USD_PPP,2017,53071.457
237,DEU,Germany,USD_PPP,2018,55195.695
238,DEU,Germany,USD_PPP,2019,57397.496
239,DEU,Germany,USD_PPP,2020,56482.387
240,DEU,Germany,USD_PPP,2021,58798.992
241,GRC,Greece,USD_PPP,1995,15433.236
242,GRC,Greece,USD_PPP,1996,16149.872
243,GRC,Greece,USD_PPP,1997,17155.795
244,GRC,Greece,USD_PPP,1998,18034.117
245,GRC,Greece,USD_PPP,1999,18464.721
246,GRC,Greece,USD_PPP,2000,19519.979
247,GRC,Greece,USD_PPP,2001,20958.768
248,GRC,Greece,USD_PPP,2002,22615.971
249,GRC,Greece,USD_PPP,2003,23897.762
250,GRC,Greece,USD_PPP,2004,25460.549
251,GRC,Greece,USD_PPP,2005,25577.436
252,GRC,Greece,USD_PPP,2006,28547.217
253,GRC,Greece,USD_PPP,2007,29323.91
254,GRC,Greece,USD_PPP,2008,30855.951
255,GRC,Greece,USD_PPP,2009,30359.432
256,GRC,Greece,USD_PPP,2010,27911.592
257,GRC,Greece,USD_PPP,2011,25671.412
258,GRC,Greece,USD_PPP,2012,24911.123
259,GRC,Greece,USD_PPP,2013,25986.645
260,GRC,Greece,USD_PPP,2014,26625.141
261,GRC,Greece,USD_PPP,2015,26760.293
262,GRC,Greece,USD_PPP,2016,27511.783
263,GRC,Greece,USD_PPP,2017,28604.838
264,GRC,Greece,USD_PPP,2018,29617.537
265,GRC,Greece,USD_PPP,2019,31155.955
266,GRC,Greece,USD_PPP,2020,28416.547
267,GRC,Greece,USD_PPP,2021,31297.189
268,HUN,Hungary,USD_PPP,1995,9192.5908
269,HUN,Hungary,USD_PPP,1996,9352.2842
270,HUN,Hungary,USD_PPP,1997,9824.8184
271,HUN,Hungary,USD_PPP,1998,10398.344
272,HUN,Hungary,USD_PPP,1999,10873.248
273,HUN,Hungary,USD_PPP,2000,11855.465
274,HUN,Hungary,USD_PPP,2001,13210.458
275,HUN,Hungary,USD_PPP,2002,14526.389
276,HUN,Hungary,USD_PPP,2003,15479.026
277,HUN,Hungary,USD_PPP,2004,16268.938
278,HUN,Hungary,USD_PPP,2005,17108.34
279,HUN,Hungary,USD_PPP,2006,18382.559
280,HUN,Hungary,USD_PPP,2007,19096.705
281,HUN,Hungary,USD_PPP,2008,20721.502
282,HUN,Hungary,USD_PPP,2009,20722.887
283,HUN,Hungary,USD_PPP,2010,21741.545
284,HUN,Hungary,USD_PPP,2011,23029.447
285,HUN,Hungary,USD_PPP,2012,23267.449
286,HUN,Hungary,USD_PPP,2013,24547.98
287,HUN,Hungary,USD_PPP,2014,25691.527
288,HUN,Hungary,USD_PPP,2015,26798.854
289,HUN,Hungary,USD_PPP,2016,27941.928
290,HUN,Hungary,USD_PPP,2017,29496.164
291,HUN,Hungary,USD_PPP,2018,31908.662
292,HUN,Hungary,USD_PPP,2019,34638.836
293,HUN,Hungary,USD_PPP,2020,34160.133
294,HUN,Hungary,USD_PPP,2021,36687.082
295,ISL,Iceland,USD_PPP,1995,23961.643
296,ISL,Iceland,USD_PPP,1996,24777.215
297,ISL,Iceland,USD_PPP,1997,26895.633
298,ISL,Iceland,USD_PPP,1998,28747.691
299,ISL,Iceland,USD_PPP,1999,29576.842
300,ISL,Iceland,USD_PPP,2000,29785.365
301,ISL,Iceland,USD_PPP,2001,31867.385
302,ISL,Iceland,USD_PPP,2002,32598.375
303,ISL,Iceland,USD_PPP,2003,32725.873
304,ISL,Iceland,USD_PPP,2004,35552.379
305,ISL,Iceland,USD_PPP,2005,37427.934
306,ISL,Iceland,USD_PPP,2006,39630.188
307,ISL,Iceland,USD_PPP,2007,41490.781
308,ISL,Iceland,USD_PPP,2008,43456.215
309,ISL,Iceland,USD_PPP,2009,41772.68
310,ISL,Iceland,USD_PPP,2010,39778.391
311,ISL,Iceland,USD_PPP,2011,40938.664
312,ISL,Iceland,USD_PPP,2012,42006.543
313,ISL,Iceland,USD_PPP,2013,44404.73
314,ISL,Iceland,USD_PPP,2014,45995.0
315,ISL,Iceland,USD_PPP,2015,49203.297
316,ISL,Iceland,USD_PPP,2016,53486.617
317,ISL,Iceland,USD_PPP,2017,55638.492
318,ISL,Iceland,USD_PPP,2018,57208.313
319,ISL,Iceland,USD_PPP,2019,59994.527
320,ISL,Iceland,USD_PPP,2020,54655.141
321,ISL,Iceland,USD_PPP,2021,58311.863
322,IRL,Ireland,USD_PPP,1995,18984.732
323,IRL,Ireland,USD_PPP,1996,20545.563
324,IRL,Ireland,USD_PPP,1997,22697.193
325,IRL,Ireland,USD_PPP,1998,25083.068
326,IRL,Ireland,USD_PPP,1999,27041.426
327,IRL,Ireland,USD_PPP,2000,30218.789
328,IRL,Ireland,USD_PPP,2001,32594.168
329,IRL,Ireland,USD_PPP,2002,35222.813
330,IRL,Ireland,USD_PPP,2003,36280.531
331,IRL,Ireland,USD_PPP,2004,38761.438
332,IRL,Ireland,USD_PPP,2005,40465.309
333,IRL,Ireland,USD_PPP,2006,44268.555
334,IRL,Ireland,USD_PPP,2007,46766.191
335,IRL,Ireland,USD_PPP,2008,44105.355
336,IRL,Ireland,USD_PPP,2009,41436.93
337,IRL,Ireland,USD_PPP,2010,43211.902
338,IRL,Ireland,USD_PPP,2011,45100.566
339,IRL,Ireland,USD_PPP,2012,46409.699
340,IRL,Ireland,USD_PPP,2013,47882.074
341,IRL,Ireland,USD_PPP,2014,51196.0
342,IRL,Ireland,USD_PPP,2015,69165.938
343,IRL,Ireland,USD_PPP,2016,71633.102
344,IRL,Ireland,USD_PPP,2017,78051.641
345,IRL,Ireland,USD_PPP,2018,84824.391
346,IRL,Ireland,USD_PPP,2019,89846.664
347,IRL,Ireland,USD_PPP,2020,94037.977
348,IRL,Ireland,USD_PPP,2021,106879.09
349,ITA,Italy,USD_PPP,1995,22395.615
350,ITA,Italy,USD_PPP,1996,23058.969
351,ITA,Italy,USD_PPP,1997,23875.768
352,ITA,Italy,USD_PPP,1998,25021.68
353,ITA,Italy,USD_PPP,1999,25602.396
354,ITA,Italy,USD_PPP,2000,27077.637
355,ITA,Italy,USD_PPP,2001,28036.287
356,ITA,Italy,USD_PPP,2002,28721.078
357,ITA,Italy,USD_PPP,2003,29154.654
358,ITA,Italy,USD_PPP,2004,29481.844
359,ITA,Italy,USD_PPP,2005,30028.486
360,ITA,Italy,USD_PPP,2006,32309.283
361,ITA,Italy,USD_PPP,2007,33960.809
362,ITA,Italy,USD_PPP,2008,35292.613
363,ITA,Italy,USD_PPP,2009,34335.906
364,ITA,Italy,USD_PPP,2010,34838.137
365,ITA,Italy,USD_PPP,2011,36203.328
366,ITA,Italy,USD_PPP,2012,36091.387
367,ITA,Italy,USD_PPP,2013,36267.941
368,ITA,Italy,USD_PPP,2014,36475.957
369,ITA,Italy,USD_PPP,2015,37206.309
370,ITA,Italy,USD_PPP,2016,40267.211
371,ITA,Italy,USD_PPP,2017,41951.461
372,ITA,Italy,USD_PPP,2018,43427.641
373,ITA,Italy,USD_PPP,2019,45799.758
374,ITA,Italy,USD_PPP,2020,43144.371
375,ITA,Italy,USD_PPP,2021,46686.434
376,JPN,Japan,USD_PPP,1996,24521.152
377,JPN,Japan,USD_PPP,1997,25347.098
378,JPN,Japan,USD_PPP,1998,25771.643
379,JPN,Japan,USD_PPP,1999,26053.064
380,JPN,Japan,USD_PPP,2000,27008.969
381,JPN,Japan,USD_PPP,2001,28094.465
382,JPN,Japan,USD_PPP,2002,28927.494
383,JPN,Japan,USD_PPP,2003,29433.068
384,JPN,Japan,USD_PPP,2004,30599.855
385,JPN,Japan,USD_PPP,2005,32033.258
386,JPN,Japan,USD_PPP,2006,33513.699
387,JPN,Japan,USD_PPP,2007,34821.477
388,JPN,Japan,USD_PPP,2008,35853.117
389,JPN,Japan,USD_PPP,2009,35222.605
390,JPN,Japan,USD_PPP,2010,34787.43
391,JPN,Japan,USD_PPP,2011,36656.277
392,JPN,Japan,USD_PPP,2012,37458.055
393,JPN,Japan,USD_PPP,2013,38958.402
394,JPN,Japan,USD_PPP,2014,38981.57
395,JPN,Japan,USD_PPP,2015,39812.676
396,JPN,Japan,USD_PPP,2016,40288.125
397,JPN,Japan,USD_PPP,2017,41040.773
398,JPN,Japan,USD_PPP,2018,42062.02
399,JPN,Japan,USD_PPP,2019,42354.082
400,JPN,Japan,USD_PPP,2020,42963.867
401,JPN,Japan,USD_PPP,2021,42292.164
402,KOR,Korea,USD_PPP,1995,13502.58
403,KOR,Korea,USD_PPP,1996,14693.993
404,KOR,Korea,USD_PPP,1997,15721.562
405,KOR,Korea,USD_PPP,1998,14974.499
406,KOR,Korea,USD_PPP,1999,16807.014
407,KOR,Korea,USD_PPP,2000,18538.879
408,KOR,Korea,USD_PPP,2001,19724.494
409,KOR,Korea,USD_PPP,2002,21396.719
410,KOR,Korea,USD_PPP,2003,22096.023
411,KOR,Korea,USD_PPP,2004,23773.592
412,KOR,Korea,USD_PPP,2005,25186.639
413,KOR,Korea,USD_PPP,2006,26884.43
414,KOR,Korea,USD_PPP,2007,29064.701
415,KOR,Korea,USD_PPP,2008,29945.898
416,KOR,Korea,USD_PPP,2009,29508.283
417,KOR,Korea,USD_PPP,2010,31736.699
418,KOR,Korea,USD_PPP,2011,32546.518
419,KOR,Korea,USD_PPP,2012,33557.031
420,KOR,Korea,USD_PPP,2013,34244.238
421,KOR,Korea,USD_PPP,2014,35324.262
422,KOR,Korea,USD_PPP,2015,37902.359
423,KOR,Korea,USD_PPP,2016,39575.301
424,KOR,Korea,USD_PPP,2017,40957.348
425,KOR,Korea,USD_PPP,2018,43044.34
426,KOR,Korea,USD_PPP,2019,43410.152
427,KOR,Korea,USD_PPP,2020,44694.941
428,KOR,Korea,USD_PPP,2021,46875.18
429,LUX,Luxembourg,USD_PPP,1995,38264.047
430,LUX,Luxembourg,USD_PPP,1996,39698.641
431,LUX,Luxembourg,USD_PPP,1997,42445.031
432,LUX,Luxembourg,USD_PPP,1998,44216.973
433,LUX,Luxembourg,USD_PPP,1999,49744.949
434,LUX,Luxembourg,USD_PPP,2000,55042.77
435,LUX,Luxembourg,USD_PPP,2001,56093.191
436,LUX,Luxembourg,USD_PPP,2002,58513.387
437,LUX,Luxembourg,USD_PPP,2003,60115.414
438,LUX,Luxembourg,USD_PPP,2004,64634.102
439,LUX,Luxembourg,USD_PPP,2005,68707.797
440,LUX,Luxembourg,USD_PPP,2006,78825.352
441,LUX,Luxembourg,USD_PPP,2007,84995.492
442,LUX,Luxembourg,USD_PPP,2008,90863.797
443,LUX,Luxembourg,USD_PPP,2009,86800.867
444,LUX,Luxembourg,USD_PPP,2010,90252.953
445,LUX,Luxembourg,USD_PPP,2011,94278.961
446,LUX,Luxembourg,USD_PPP,2012,96535.703
447,LUX,Luxembourg,USD_PPP,2013,100561.34
448,LUX,Luxembourg,USD_PPP,2014,104917.97
449,LUX,Luxembourg,USD_PPP,2015,107898.33
450,LUX,Luxembourg,USD_PPP,2016,112955.48
451,LUX,Luxembourg,USD_PPP,2017,114862.57
452,LUX,Luxembourg,USD_PPP,2018,116334.71
453,LUX,Luxembourg,USD_PPP,2019,119253.44
454,LUX,Luxembourg,USD_PPP,2020,119882.99
455,LUX,Luxembourg,USD_PPP,2021,131311.2
456,MEX,Mexico,USD_PPP,1995,8231.6592
457,MEX,Mexico,USD_PPP,1996,8820.6611
458,MEX,Mexico,USD_PPP,1997,9456.1396
459,MEX,Mexico,USD_PPP,1998,9925.6748
460,MEX,Mexico,USD_PPP,1999,10216.053
461,MEX,Mexico,USD_PPP,2000,10870.093
462,MEX,Mexico,USD_PPP,2001,10937.138
463,MEX,Mexico,USD_PPP,2002,10999.98
464,MEX,Mexico,USD_PPP,2003,11308.491
465,MEX,Mexico,USD_PPP,2004,11926.997
466,MEX,Mexico,USD_PPP,2005,12521.727
467,MEX,Mexico,USD_PPP,2006,13703.791
468,MEX,Mexico,USD_PPP,2007,14215.817
469,MEX,Mexico,USD_PPP,2008,14859.233
470,MEX,Mexico,USD_PPP,2009,14497.971
471,MEX,Mexico,USD_PPP,2010,15228.501
472,MEX,Mexico,USD_PPP,2011,16521.775
473,MEX,Mexico,USD_PPP,2012,17195.057
474,MEX,Mexico,USD_PPP,2013,17437.041
475,MEX,Mexico,USD_PPP,2014,18153.352
476,MEX,Mexico,USD_PPP,2015,18430.219
477,MEX,Mexico,USD_PPP,2016,19791.26
478,MEX,Mexico,USD_PPP,2017,20201.857
479,MEX,Mexico,USD_PPP,2018,20561.248
480,MEX,Mexico,USD_PPP,2019,20244.557
481,MEX,Mexico,USD_PPP,2020,18465.576
482,MEX,Mexico,USD_PPP,2021,19438.781
483,NLD,Netherlands,USD_PPP,1995,23446.986
484,NLD,Netherlands,USD_PPP,1996,24516.318
485,NLD,Netherlands,USD_PPP,1997,26016.412
486,NLD,Netherlands,USD_PPP,1998,27709.982
487,NLD,Netherlands,USD_PPP,1999,29268.699
488,NLD,Netherlands,USD_PPP,2000,31875.98
489,NLD,Netherlands,USD_PPP,2001,33186.898
490,NLD,Netherlands,USD_PPP,2002,34447.055
491,NLD,Netherlands,USD_PPP,2003,34151.988
492,NLD,Netherlands,USD_PPP,2004,35809.496
493,NLD,Netherlands,USD_PPP,2005,37625.258
494,NLD,Netherlands,USD_PPP,2006,41011.406
495,NLD,Netherlands,USD_PPP,2007,43943.898
496,NLD,Netherlands,USD_PPP,2008,46419.055
497,NLD,Netherlands,USD_PPP,2009,44558.441
498,NLD,Netherlands,USD_PPP,2010,45042.652
499,NLD,Netherlands,USD_PPP,2011,46599.227
500,NLD,Netherlands,USD_PPP,2012,47271.996
501,NLD,Netherlands,USD_PPP,2013,49242.785
502,NLD,Netherlands,USD_PPP,2014,49233.238
503,NLD,Netherlands,USD_PPP,2015,50288.363
504,NLD,Netherlands,USD_PPP,2016,52289.379
505,NLD,Netherlands,USD_PPP,2017,55089.586
506,NLD,Netherlands,USD_PPP,2018,57825.367
507,NLD,Netherlands,USD_PPP,2019,60207.984
508,NLD,Netherlands,USD_PPP,2020,59821.238
509,NLD,Netherlands,USD_PPP,2021,63434.816
510,NZL,New Zealand,USD_PPP,1996,17698.977
511,NZL,New Zealand,USD_PPP,1997,18563.793
512,NZL,New Zealand,USD_PPP,1998,19012.441
513,NZL,New Zealand,USD_PPP,1999,19666.559
514,NZL,New Zealand,USD_PPP,2000,20571.443
515,NZL,New Zealand,USD_PPP,2001,21257.666
516,NZL,New Zealand,USD_PPP,2002,22348.111
517,NZL,New Zealand,USD_PPP,2003,22729.582
518,NZL,New Zealand,USD_PPP,2004,23797.887
519,NZL,New Zealand,USD_PPP,2005,24603.277
520,NZL,New Zealand,USD_PPP,2006,26559.531
521,NZL,New Zealand,USD_PPP,2007,27528.809
522,NZL,New Zealand,USD_PPP,2008,29426.982
523,NZL,New Zealand,USD_PPP,2009,29991.982
524,NZL,New Zealand,USD_PPP,2010,30100.373
525,NZL,New Zealand,USD_PPP,2011,31525.43
526,NZL,New Zealand,USD_PPP,2012,32410.203
527,NZL,New Zealand,USD_PPP,2013,34305.793
528,NZL,New Zealand,USD_PPP,2014,35952.633
529,NZL,New Zealand,USD_PPP,2015,35860.813
530,NZL,New Zealand,USD_PPP,2016,37948.477
531,NZL,New Zealand,USD_PPP,2017,39891.98
532,NZL,New Zealand,USD_PPP,2018,40725.211
533,NZL,New Zealand,USD_PPP,2019,43757.113
534,NZL,New Zealand,USD_PPP,2020,45075.762
535,NZL,New Zealand,USD_PPP,2021,44650.184
536,NOR,Norway,USD_PPP,1995,20960.83
537,NOR,Norway,USD_PPP,1996,22293.727
538,NOR,Norway,USD_PPP,1997,23727.295
539,NOR,Norway,USD_PPP,1998,24721.17
540,NOR,Norway,USD_PPP,1999,25938.463
541,NOR,Norway,USD_PPP,2000,28045.098
542,NOR,Norway,USD_PPP,2001,29251.229
543,NOR,Norway,USD_PPP,2002,30646.111
544,NOR,Norway,USD_PPP,2003,31175.959
545,NOR,Norway,USD_PPP,2004,33622.227
546,NOR,Norway,USD_PPP,2005,36400.949
547,NOR,Norway,USD_PPP,2006,40626.293
548,NOR,Norway,USD_PPP,2007,43561.594
549,NOR,Norway,USD_PPP,2008,46044.852
550,NOR,Norway,USD_PPP,2009,44759.395
551,NOR,Norway,USD_PPP,2010,46384.012
552,NOR,Norway,USD_PPP,2011,47981.75
553,NOR,Norway,USD_PPP,2012,50581.707
554,NOR,Norway,USD_PPP,2013,52734.66
555,NOR,Norway,USD_PPP,2014,53159.09
556,NOR,Norway,USD_PPP,2015,50709.918
557,NOR,Norway,USD_PPP,2016,51191.238
558,NOR,Norway,USD_PPP,2017,54267.094
559,NOR,Norway,USD_PPP,2018,57657.934
560,NOR,Norway,USD_PPP,2019,59536.156
561,NOR,Norway,USD_PPP,2020,57258.945
562,NOR,Norway,USD_PPP,2021,63516.41
563,POL,Poland,USD_PPP,1995,7749.8232
564,POL,Poland,USD_PPP,1996,8350.5879
565,POL,Poland,USD_PPP,1997,9020.0791
566,POL,Poland,USD_PPP,1998,9582.0195
567,POL,Poland,USD_PPP,1999,10143.294
568,POL,Poland,USD_PPP,2000,10674.916
569,POL,Poland,USD_PPP,2001,11121.001
570,POL,Poland,USD_PPP,2002,11803.761
571,POL,Poland,USD_PPP,2003,12292.162
572,POL,Poland,USD_PPP,2004,13354.532
573,POL,Poland,USD_PPP,2005,13898.412
574,POL,Poland,USD_PPP,2006,15155.044
575,POL,Poland,USD_PPP,2007,16806.975
576,POL,Poland,USD_PPP,2008,18308.039
577,POL,Poland,USD_PPP,2009,19074.447
578,POL,Poland,USD_PPP,2010,20632.568
579,POL,Poland,USD_PPP,2011,22386.223
580,POL,Poland,USD_PPP,2012,23300.918
581,POL,Poland,USD_PPP,2013,24028.182
582,POL,Poland,USD_PPP,2014,25005.656
583,POL,Poland,USD_PPP,2015,26495.82
584,POL,Poland,USD_PPP,2016,27830.934
585,POL,Poland,USD_PPP,2017,29609.453
586,POL,Poland,USD_PPP,2018,31662.203
587,POL,Poland,USD_PPP,2019,34592.875
588,POL,Poland,USD_PPP,2020,34896.824
589,POL,Poland,USD_PPP,2021,37720.254
590,PRT,Portugal,USD_PPP,1995,14407.063
591,PRT,Portugal,USD_PPP,1996,14921.734
592,PRT,Portugal,USD_PPP,1997,15788.637
593,PRT,Portugal,USD_PPP,1998,16687.443
594,PRT,Portugal,USD_PPP,1999,17718.199
595,PRT,Portugal,USD_PPP,2000,18880.311
596,PRT,Portugal,USD_PPP,2001,19528.682
597,PRT,Portugal,USD_PPP,2002,20356.707
598,PRT,Portugal,USD_PPP,2003,20852.189
599,PRT,Portugal,USD_PPP,2004,21477.873
600,PRT,Portugal,USD_PPP,2005,22725.342
601,PRT,Portugal,USD_PPP,2006,24681.109
602,PRT,Portugal,USD_PPP,2007,25736.262
603,PRT,Portugal,USD_PPP,2008,26665.779
604,PRT,Portugal,USD_PPP,2009,26459.281
605,PRT,Portugal,USD_PPP,2010,27260.553
606,PRT,Portugal,USD_PPP,2011,26769.41
607,PRT,Portugal,USD_PPP,2012,26438.127
608,PRT,Portugal,USD_PPP,2013,27936.025
609,PRT,Portugal,USD_PPP,2014,28742.336
610,PRT,Portugal,USD_PPP,2015,29660.828
611,PRT,Portugal,USD_PPP,2016,31607.607
612,PRT,Portugal,USD_PPP,2017,33044.715
613,PRT,Portugal,USD_PPP,2018,34928.617
614,PRT,Portugal,USD_PPP,2019,37299.152
615,PRT,Portugal,USD_PPP,2020,34955.641
616,PRT,Portugal,USD_PPP,2021,36770.309
617,SVK,Slovakia,USD_PPP,1995,8695.6982
618,SVK,Slovakia,USD_PPP,1996,9406.9873
619,SVK,Slovakia,USD_PPP,1997,10085.773
620,SVK,Slovakia,USD_PPP,1998,10622.623
621,SVK,Slovakia,USD_PPP,1999,10714.995
622,SVK,Slovakia,USD_PPP,2000,11353.51
623,SVK,Slovakia,USD_PPP,2001,12386.844
624,SVK,Slovakia,USD_PPP,2002,13307.875
625,SVK,Slovakia,USD_PPP,2003,14166.12
626,SVK,Slovakia,USD_PPP,2004,15197.893
627,SVK,Slovakia,USD_PPP,2005,16595.25
628,SVK,Slovakia,USD_PPP,2006,18850.121
629,SVK,Slovakia,USD_PPP,2007,21138.748
630,SVK,Slovakia,USD_PPP,2008,23608.994
631,SVK,Slovakia,USD_PPP,2009,22947.244
632,SVK,Slovakia,USD_PPP,2010,25221.43
633,SVK,Slovakia,USD_PPP,2011,26260.172
634,SVK,Slovakia,USD_PPP,2012,27000.723
635,SVK,Slovakia,USD_PPP,2013,28021.078
636,SVK,Slovakia,USD_PPP,2014,29029.563
637,SVK,Slovakia,USD_PPP,2015,30062.203
638,SVK,Slovakia,USD_PPP,2016,29737.537
639,SVK,Slovakia,USD_PPP,2017,30147.039
640,SVK,Slovakia,USD_PPP,2018,31374.178
641,SVK,Slovakia,USD_PPP,2019,33462.094
642,SVK,Slovakia,USD_PPP,2020,32902.035
643,SVK,Slovakia,USD_PPP,2021,33950.031
644,ESP,Spain,USD_PPP,1995,16290.473
645,ESP,Spain,USD_PPP,1996,16982.184
646,ESP,Spain,USD_PPP,1997,17916.02
647,ESP,Spain,USD_PPP,1998,19101.547
648,ESP,Spain,USD_PPP,1999,19962.797
649,ESP,Spain,USD_PPP,2000,21595.598
650,ESP,Spain,USD_PPP,2001,23001.072
651,ESP,Spain,USD_PPP,2002,24376.328
652,ESP,Spain,USD_PPP,2003,25042.301
653,ESP,Spain,USD_PPP,2004,26182.029
654,ESP,Spain,USD_PPP,2005,27600.953
655,ESP,Spain,USD_PPP,2006,30743.701
656,ESP,Spain,USD_PPP,2007,32467.049
657,ESP,Spain,USD_PPP,2008,33242.25
658,ESP,Spain,USD_PPP,2009,32089.535
659,ESP,Spain,USD_PPP,2010,31690.908
660,ESP,Spain,USD_PPP,2011,31872.365
661,ESP,Spain,USD_PPP,2012,31724.785
662,ESP,Spain,USD_PPP,2013,32463.129
663,ESP,Spain,USD_PPP,2014,33558.953
664,ESP,Spain,USD_PPP,2015,34945.484
665,ESP,Spain,USD_PPP,2016,37333.086
666,ESP,Spain,USD_PPP,2017,39601.496
667,ESP,Spain,USD_PPP,2018,40776.75
668,ESP,Spain,USD_PPP,2019,43135.746
669,ESP,Spain,USD_PPP,2020,37996.027
670,ESP,Spain,USD_PPP,2021,40734.348
671,SWE,Sweden,USD_PPP,1995,23107.289
672,SWE,Sweden,USD_PPP,1996,23934.105
673,SWE,Sweden,USD_PPP,1997,24805.66
674,SWE,Sweden,USD_PPP,1998,25888.363
675,SWE,Sweden,USD_PPP,1999,27471.479
676,SWE,Sweden,USD_PPP,2000,29624.021
677,SWE,Sweden,USD_PPP,2001,29933.209
678,SWE,Sweden,USD_PPP,2002,30926.359
679,SWE,Sweden,USD_PPP,2003,31816.572
680,SWE,Sweden,USD_PPP,2004,33858.922
681,SWE,Sweden,USD_PPP,2005,34244.359
682,SWE,Sweden,USD_PPP,2006,37727.727
683,SWE,Sweden,USD_PPP,2007,40910.324
684,SWE,Sweden,USD_PPP,2008,42158.297
685,SWE,Sweden,USD_PPP,2009,40279.879
686,SWE,Sweden,USD_PPP,2010,42221.758
687,SWE,Sweden,USD_PPP,2011,44608.582
688,SWE,Sweden,USD_PPP,2012,45432.434
689,SWE,Sweden,USD_PPP,2013,46312.395
690,SWE,Sweden,USD_PPP,2014,47184.672
691,SWE,Sweden,USD_PPP,2015,49103.133
692,SWE,Sweden,USD_PPP,2016,50430.254
693,SWE,Sweden,USD_PPP,2017,51947.957
694,SWE,Sweden,USD_PPP,2018,53521.633
695,SWE,Sweden,USD_PPP,2019,56404.301
696,SWE,Sweden,USD_PPP,2020,56140.551
697,SWE,Sweden,USD_PPP,2021,60126.82
698,CHE,Switzerland,USD_PPP,1995,30586.357
699,CHE,Switzerland,USD_PPP,1996,31242.609
700,CHE,Switzerland,USD_PPP,1997,32440.809
701,CHE,Switzerland,USD_PPP,1998,33543.641
702,CHE,Switzerland,USD_PPP,1999,34401.813
703,CHE,Switzerland,USD_PPP,2000,36351.762
704,CHE,Switzerland,USD_PPP,2001,37514.762
705,CHE,Switzerland,USD_PPP,2002,38410.609
706,CHE,Switzerland,USD_PPP,2003,38448.715
707,CHE,Switzerland,USD_PPP,2004,39884.891
708,CHE,Switzerland,USD_PPP,2005,41244.641
709,CHE,Switzerland,USD_PPP,2006,45963.055
710,CHE,Switzerland,USD_PPP,2007,50584.59
711,CHE,Switzerland,USD_PPP,2008,53498.012
712,CHE,Switzerland,USD_PPP,2009,52732.711
713,CHE,Switzerland,USD_PPP,2010,54349.199
714,CHE,Switzerland,USD_PPP,2011,57493.582
715,CHE,Switzerland,USD_PPP,2012,59440.914
716,CHE,Switzerland,USD_PPP,2013,61656.469
717,CHE,Switzerland,USD_PPP,2014,63417.047
718,CHE,Switzerland,USD_PPP,2015,65265.047
719,CHE,Switzerland,USD_PPP,2016,67350.75
720,CHE,Switzerland,USD_PPP,2017,68193.508
721,CHE,Switzerland,USD_PPP,2018,70688.828
722,CHE,Switzerland,USD_PPP,2019,72668.75
723,CHE,Switzerland,USD_PPP,2020,70810.828
724,CHE,Switzerland,USD_PPP,2021,75969.813
725,TUR,Türkiye,USD_PPP,1995,10111.469
726,TUR,Türkiye,USD_PPP,1996,10832.062
727,TUR,Türkiye,USD_PPP,1997,11650.837
728,TUR,Türkiye,USD_PPP,1998,8937.5928
729,TUR,Türkiye,USD_PPP,1999,8625.2637
730,TUR,Türkiye,USD_PPP,2000,9476.5938
731,TUR,Türkiye,USD_PPP,2001,9143.3213
732,TUR,Türkiye,USD_PPP,2002,9279.0713
733,TUR,Türkiye,USD_PPP,2003,9597.9395
734,TUR,Türkiye,USD_PPP,2004,10884.32
735,TUR,Türkiye,USD_PPP,2005,11910.613
736,TUR,Türkiye,USD_PPP,2006,13640.766
737,TUR,Türkiye,USD_PPP,2007,14864.949
738,TUR,Türkiye,USD_PPP,2008,16038.223
739,TUR,Türkiye,USD_PPP,2009,15442.776
740,TUR,Türkiye,USD_PPP,2010,17345.842
741,TUR,Türkiye,USD_PPP,2011,19590.854
742,TUR,Türkiye,USD_PPP,2012,20627.445
743,TUR,Türkiye,USD_PPP,2013,22373.137
744,TUR,Türkiye,USD_PPP,2014,24104.988
745,TUR,Türkiye,USD_PPP,2015,25855.924
746,TUR,Türkiye,USD_PPP,2016,26695.902
747,TUR,Türkiye,USD_PPP,2017,28193.068
748,TUR,Türkiye,USD_PPP,2018,28281.471
749,TUR,Türkiye,USD_PPP,2019,28011.316
750,TUR,Türkiye,USD_PPP,2020,27973.896
751,TUR,Türkiye,USD_PPP,2021,30679.512
752,GBR,United Kingdom,USD_PPP,1996,20925.322
753,GBR,United Kingdom,USD_PPP,1997,22308.959
754,GBR,United Kingdom,USD_PPP,1998,22905.371
755,GBR,United Kingdom,USD_PPP,1999,23724.771
756,GBR,United Kingdom,USD_PPP,2000,25513.549
757,GBR,United Kingdom,USD_PPP,2001,27088.959
758,GBR,United Kingdom,USD_PPP,2002,28247.205
759,GBR,United Kingdom,USD_PPP,2003,29123.219
760,GBR,United Kingdom,USD_PPP,2004,30934.627
761,GBR,United Kingdom,USD_PPP,2005,31403.393
762,GBR,United Kingdom,USD_PPP,2006,33467.313
763,GBR,United Kingdom,USD_PPP,2007,34289.973
764,GBR,United Kingdom,USD_PPP,2008,35914.707
765,GBR,United Kingdom,USD_PPP,2009,35829.996
766,GBR,United Kingdom,USD_PPP,2010,35553.164
767,GBR,United Kingdom,USD_PPP,2011,36375.281
768,GBR,United Kingdom,USD_PPP,2012,37506.906
769,GBR,United Kingdom,USD_PPP,2013,38827.047
770,GBR,United Kingdom,USD_PPP,2014,39949.758
771,GBR,United Kingdom,USD_PPP,2015,41634.215
772,GBR,United Kingdom,USD_PPP,2016,42928.793
773,GBR,United Kingdom,USD_PPP,2017,44698.094
774,GBR,United Kingdom,USD_PPP,2018,46030.992
775,GBR,United Kingdom,USD_PPP,2019,47980.227
776,GBR,United Kingdom,USD_PPP,2020,47971.961
777,GBR,United Kingdom,USD_PPP,2021,47171.109
778,USA,United States,USD_PPP,1996,29128.764
779,USA,United States,USD_PPP,1997,30500.432
780,USA,United States,USD_PPP,1998,31939.369
781,USA,United States,USD_PPP,1999,33462.434
782,USA,United States,USD_PPP,2000,35202.309
783,USA,United States,USD_PPP,2001,36520.082
784,USA,United States,USD_PPP,2002,37351.387
785,USA,United States,USD_PPP,2003,38512.656
786,USA,United States,USD_PPP,2004,40362.621
787,USA,United States,USD_PPP,2005,42663.836
788,USA,United States,USD_PPP,2006,44935.012
789,USA,United States,USD_PPP,2007,46884.629
790,USA,United States,USD_PPP,2008,48013.07
791,USA,United States,USD_PPP,2009,47597.852
792,USA,United States,USD_PPP,2010,47649.0
793,USA,United States,USD_PPP,2011,49070.113
794,USA,United States,USD_PPP,2012,50605.609
795,USA,United States,USD_PPP,2013,52187.434
796,USA,United States,USD_PPP,2014,53807.535
797,USA,United States,USD_PPP,2015,55503.363
798,USA,United States,USD_PPP,2016,56839.352
799,USA,United States,USD_PPP,2017,58392.648
800,USA,United States,USD_PPP,2018,60844.168
801,USA,United States,USD_PPP,2019,63407.543
802,USA,United States,USD_PPP,2020,63963.895
803,USA,United States,USD_PPP,2021,66787.805
804,ARG,Argentina,USD_PPP,2000,11632.979
805,ARG,Argentina,USD_PPP,2001,11256.786
806,ARG,Argentina,USD_PPP,2002,10088.99
807,ARG,Argentina,USD_PPP,2003,11092.601
808,ARG,Argentina,USD_PPP,2004,12303.223
809,ARG,Argentina,USD_PPP,2005,13681.22
810,ARG,Argentina,USD_PPP,2006,15090.092
811,ARG,Argentina,USD_PPP,2007,16728.637
812,ARG,Argentina,USD_PPP,2008,17567.141
813,ARG,Argentina,USD_PPP,2009,16472.553
814,ARG,Argentina,USD_PPP,2010,18063.916
815,ARG,Argentina,USD_PPP,2011,19322.227
816,ARG,Argentina,USD_PPP,2012,19641.352
817,ARG,Argentina,USD_PPP,2013,20131.68
818,ARG,Argentina,USD_PPP,2014,19683.771
819,ARG,Argentina,USD_PPP,2015,20105.199
820,ARG,Argentina,USD_PPP,2016,20307.869
821,ARG,Argentina,USD_PPP,2017,23597.117
822,ARG,Argentina,USD_PPP,2018,23290.676
823,ARG,Argentina,USD_PPP,2019,23263.43
824,ARG,Argentina,USD_PPP,2020,20981.428
825,ARG,Argentina,USD_PPP,2021,23856.68
826,BRA,Brazil,USD_PPP,2000,9103.8594
827,BRA,Brazil,USD_PPP,2001,9307.4951
828,BRA,Brazil,USD_PPP,2002,9616.1855
829,BRA,Brazil,USD_PPP,2003,9796.5996
830,BRA,Brazil,USD_PPP,2004,10513.528
831,BRA,Brazil,USD_PPP,2005,11061.821
832,BRA,Brazil,USD_PPP,2006,11723.713
833,BRA,Brazil,USD_PPP,2007,12637.861
834,BRA,Brazil,USD_PPP,2008,13396.64
835,BRA,Brazil,USD_PPP,2009,13328.042
836,BRA,Brazil,USD_PPP,2010,14361.508
837,BRA,Brazil,USD_PPP,2011,15109.741
838,BRA,Brazil,USD_PPP,2012,15120.067
839,BRA,Brazil,USD_PPP,2013,15669.143
840,BRA,Brazil,USD_PPP,2014,15800.09
841,BRA,Brazil,USD_PPP,2015,14816.291
842,BRA,Brazil,USD_PPP,2016,14326.1
843,BRA,Brazil,USD_PPP,2017,14596.89
844,BRA,Brazil,USD_PPP,2018,15088.874
845,BRA,Brazil,USD_PPP,2019,15424.049
846,BRA,Brazil,USD_PPP,2020,15173.589
847,BRA,Brazil,USD_PPP,2021,16160.57
848,CHL,Chile,USD_PPP,1995,7388.3857
849,CHL,Chile,USD_PPP,1996,7970.3809
850,CHL,Chile,USD_PPP,1997,8589.0996
851,CHL,Chile,USD_PPP,1998,8927.8936
852,CHL,Chile,USD_PPP,1999,8909.7725
853,CHL,Chile,USD_PPP,2000,9440.042
854,CHL,Chile,USD_PPP,2001,9845.9717
855,CHL,Chile,USD_PPP,2002,10205.703
856,CHL,Chile,USD_PPP,2003,10779.639
857,CHL,Chile,USD_PPP,2004,11682.599
858,CHL,Chile,USD_PPP,2005,12600.906
859,CHL,Chile,USD_PPP,2006,15589.157
860,CHL,Chile,USD_PPP,2007,16771.184
861,CHL,Chile,USD_PPP,2008,16449.613
862,CHL,Chile,USD_PPP,2009,16028.55
863,CHL,Chile,USD_PPP,2010,18041.314
864,CHL,Chile,USD_PPP,2011,20235.57
865,CHL,Chile,USD_PPP,2012,21458.813
866,CHL,Chile,USD_PPP,2013,22295.74
867,CHL,Chile,USD_PPP,2014,22650.713
868,CHL,Chile,USD_PPP,2015,22563.582
869,CHL,Chile,USD_PPP,2016,23384.613
870,CHL,Chile,USD_PPP,2017,24479.459
871,CHL,Chile,USD_PPP,2018,25496.432
872,CHL,Chile,USD_PPP,2019,25517.818
873,CHL,Chile,USD_PPP,2020,24605.443
874,CHL,Chile,USD_PPP,2021,28100.986
875,CHN,China,USD_PPP,1995,1850.7632
876,CHN,China,USD_PPP,1996,2050.1912
877,CHN,China,USD_PPP,1997,2255.3872
878,CHN,China,USD_PPP,1998,2437.3447
879,CHN,China,USD_PPP,1999,2639.3816
880,CHN,China,USD_PPP,2000,2906.2273
881,CHN,China,USD_PPP,2001,3197.1179
882,CHN,China,USD_PPP,2002,3520.7251
883,CHN,China,USD_PPP,2003,3926.9333
884,CHN,China,USD_PPP,2004,4414.1729
885,CHN,China,USD_PPP,2005,5041.5552
886,CHN,China,USD_PPP,2006,5827.4004
887,CHN,China,USD_PPP,2007,6801.3506
888,CHN,China,USD_PPP,2008,7562.2441
889,CHN,China,USD_PPP,2009,8285.5938
890,CHN,China,USD_PPP,2010,9232.6611
891,CHN,China,USD_PPP,2011,10261.47
892,CHN,China,USD_PPP,2012,11127.366
893,CHN,China,USD_PPP,2013,11837.589
894,CHN,China,USD_PPP,2014,12438.63
895,CHN,China,USD_PPP,2015,12865.801
896,CHN,China,USD_PPP,2016,13439.51
897,CHN,China,USD_PPP,2017,14203.91
898,CHN,China,USD_PPP,2018,15466.33
899,CHN,China,USD_PPP,2019,16624.52
900,CHN,China,USD_PPP,2020,17176.865
901,CHN,China,USD_PPP,2021,19334.951
902,COL,Colombia,USD_PPP,1995,6646.3872
903,COL,Colombia,USD_PPP,1996,6767.9404
904,COL,Colombia,USD_PPP,1997,7000.1968
905,COL,Colombia,USD_PPP,1998,7022.0249
906,COL,Colombia,USD_PPP,1999,6658.4927
907,COL,Colombia,USD_PPP,2000,6886.4058
908,COL,Colombia,USD_PPP,2001,7068.8354
909,COL,Colombia,USD_PPP,2002,7265.1777
910,COL,Colombia,USD_PPP,2003,7604.1646
911,COL,Colombia,USD_PPP,2004,8127.5796
912,COL,Colombia,USD_PPP,2005,8676.1074
913,COL,Colombia,USD_PPP,2006,9433.2422
914,COL,Colombia,USD_PPP,2007,10228.188
915,COL,Colombia,USD_PPP,2008,10651.507
916,COL,Colombia,USD_PPP,2009,10720.914
917,COL,Colombia,USD_PPP,2010,11206.222
918,COL,Colombia,USD_PPP,2011,12108.234
919,COL,Colombia,USD_PPP,2012,12530.808
920,COL,Colombia,USD_PPP,2013,13266.002
921,COL,Colombia,USD_PPP,2014,13777.242
922,COL,Colombia,USD_PPP,2015,13762.751
923,COL,Colombia,USD_PPP,2016,14514.225
924,COL,Colombia,USD_PPP,2017,14930.865
925,COL,Colombia,USD_PPP,2018,15814.696
926,COL,Colombia,USD_PPP,2019,16484.764
927,COL,Colombia,USD_PPP,2020,15630.28
928,COL,Colombia,USD_PPP,2021,17417.234
929,CRI,Costa Rica,USD_PPP,1995,6906.6021
930,CRI,Costa Rica,USD_PPP,1996,6951.4819
931,CRI,Costa Rica,USD_PPP,1997,7268.5552
932,CRI,Costa Rica,USD_PPP,1998,7689.8643
933,CRI,Costa Rica,USD_PPP,1999,7934.314
934,CRI,Costa Rica,USD_PPP,2000,8247.7461
935,CRI,Costa Rica,USD_PPP,2001,8544.2686
936,CRI,Costa Rica,USD_PPP,2002,8816.9502
937,CRI,Costa Rica,USD_PPP,2003,9244.7998
938,CRI,Costa Rica,USD_PPP,2004,9755.75
939,CRI,Costa Rica,USD_PPP,2005,10296.531
940,CRI,Costa Rica,USD_PPP,2006,11214.354
941,CRI,Costa Rica,USD_PPP,2007,12292.272
942,CRI,Costa Rica,USD_PPP,2008,12936.434
943,CRI,Costa Rica,USD_PPP,2009,12711.165
944,CRI,Costa Rica,USD_PPP,2010,13325.312
945,CRI,Costa Rica,USD_PPP,2011,14068.155
946,CRI,Costa Rica,USD_PPP,2012,14852.93
947,CRI,Costa Rica,USD_PPP,2013,15542.368
948,CRI,Costa Rica,USD_PPP,2014,16615.975
949,CRI,Costa Rica,USD_PPP,2015,17649.314
950,CRI,Costa Rica,USD_PPP,2016,19119.336
951,CRI,Costa Rica,USD_PPP,2017,20368.23
952,CRI,Costa Rica,USD_PPP,2018,21312.713
953,CRI,Costa Rica,USD_PPP,2019,22739.242
954,CRI,Costa Rica,USD_PPP,2020,21755.527
955,CRI,Costa Rica,USD_PPP,2021,22612.375
956,EST,Estonia,USD_PPP,1995,6428.7061
957,EST,Estonia,USD_PPP,1996,6845.2588
958,EST,Estonia,USD_PPP,1997,7942.668
959,EST,Estonia,USD_PPP,1998,8408.6484
960,EST,Estonia,USD_PPP,1999,8479.4268
961,EST,Estonia,USD_PPP,2000,9394.1035
962,EST,Estonia,USD_PPP,2001,10282.287
963,EST,Estonia,USD_PPP,2002,11628.286
964,EST,Estonia,USD_PPP,2003,13090.445
965,EST,Estonia,USD_PPP,2004,14496.538
966,EST,Estonia,USD_PPP,2005,16584.396
967,EST,Estonia,USD_PPP,2006,19288.342
968,EST,Estonia,USD_PPP,2007,22161.32
969,EST,Estonia,USD_PPP,2008,22780.023
970,EST,Estonia,USD_PPP,2009,20459.922
971,EST,Estonia,USD_PPP,2010,21588.766
972,EST,Estonia,USD_PPP,2011,24515.479
973,EST,Estonia,USD_PPP,2012,25946.926
974,EST,Estonia,USD_PPP,2013,27418.689
975,EST,Estonia,USD_PPP,2014,28917.857
976,EST,Estonia,USD_PPP,2015,29222.734
977,EST,Estonia,USD_PPP,2016,31310.135
978,EST,Estonia,USD_PPP,2017,33867.797
979,EST,Estonia,USD_PPP,2018,36488.621
980,EST,Estonia,USD_PPP,2019,39068.348
981,EST,Estonia,USD_PPP,2020,39460.637
982,EST,Estonia,USD_PPP,2021,43505.098
983,IND,India,USD_PPP,2004,2739.5334
984,IND,India,USD_PPP,2005,3000.4514
985,IND,India,USD_PPP,2006,3270.5779
986,IND,India,USD_PPP,2007,3595.9351
987,IND,India,USD_PPP,2008,3736.5117
988,IND,India,USD_PPP,2009,3986.8467
989,IND,India,USD_PPP,2010,4296.2349
990,IND,India,USD_PPP,2011,4605.23
991,IND,India,USD_PPP,2012,4982.312
992,IND,India,USD_PPP,2013,5177.8716
993,IND,India,USD_PPP,2014,5352.0298
994,IND,India,USD_PPP,2015,5580.5132
995,IND,India,USD_PPP,2016,5954.582
996,IND,India,USD_PPP,2017,6182.9209
997,IND,India,USD_PPP,2018,6665.1382
998,IND,India,USD_PPP,2019,7067.5908
999,IND,India,USD_PPP,2020,6525.4297
1000,IND,India,USD_PPP,2021,7315.5513
1001,IDN,Indonesia,USD_PPP,1995,5626.9736
1002,IDN,Indonesia,USD_PPP,1996,6092.8369
1003,IDN,Indonesia,USD_PPP,1997,6399.7578
1004,IDN,Indonesia,USD_PPP,1998,5544.7705
1005,IDN,Indonesia,USD_PPP,1999,5589.2847
1006,IDN,Indonesia,USD_PPP,2000,5346.2085
1007,IDN,Indonesia,USD_PPP,2001,5581.001
1008,IDN,Indonesia,USD_PPP,2002,5834.3301
1009,IDN,Indonesia,USD_PPP,2003,6140.5483
1010,IDN,Indonesia,USD_PPP,2004,6523.4434
1011,IDN,Indonesia,USD_PPP,2005,7004.5366
1012,IDN,Indonesia,USD_PPP,2006,7503.814
1013,IDN,Indonesia,USD_PPP,2007,8072.8848
1014,IDN,Indonesia,USD_PPP,2008,8591.9102
1015,IDN,Indonesia,USD_PPP,2009,8733.2051
1016,IDN,Indonesia,USD_PPP,2010,8624.9238
1017,IDN,Indonesia,USD_PPP,2011,9213.2129
1018,IDN,Indonesia,USD_PPP,2012,9833.6895
1019,IDN,Indonesia,USD_PPP,2013,10188.332
1020,IDN,Indonesia,USD_PPP,2014,10398.96
1021,IDN,Indonesia,USD_PPP,2015,10364.397
1022,IDN,Indonesia,USD_PPP,2016,10610.142
1023,IDN,Indonesia,USD_PPP,2017,11050.883
1024,IDN,Indonesia,USD_PPP,2018,11798.043
1025,IDN,Indonesia,USD_PPP,2019,12481.906
1026,IDN,Indonesia,USD_PPP,2020,12224.981
1027,IDN,Indonesia,USD_PPP,2021,13103.832
1028,ISR,Israel,USD_PPP,1995,20497.518
1029,ISR,Israel,USD_PPP,1996,21555.836
1030,ISR,Israel,USD_PPP,1997,22187.598
1031,ISR,Israel,USD_PPP,1998,22796.289
1032,ISR,Israel,USD_PPP,1999,23274.797
1033,ISR,Israel,USD_PPP,2000,25627.721
1034,ISR,Israel,USD_PPP,2001,25670.076
1035,ISR,Israel,USD_PPP,2002,25962.207
1036,ISR,Israel,USD_PPP,2003,24559.387
1037,ISR,Israel,USD_PPP,2004,25951.201
1038,ISR,Israel,USD_PPP,2005,25510.658
1039,ISR,Israel,USD_PPP,2006,26207.596
1040,ISR,Israel,USD_PPP,2007,28025.234
1041,ISR,Israel,USD_PPP,2008,27833.889
1042,ISR,Israel,USD_PPP,2009,27916.348
1043,ISR,Israel,USD_PPP,2010,29309.641
1044,ISR,Israel,USD_PPP,2011,31172.654
1045,ISR,Israel,USD_PPP,2012,32336.092
1046,ISR,Israel,USD_PPP,2013,34755.383
1047,ISR,Israel,USD_PPP,2014,34755.766
1048,ISR,Israel,USD_PPP,2015,35877.113
1049,ISR,Israel,USD_PPP,2016,38220.121
1050,ISR,Israel,USD_PPP,2017,39464.355
1051,ISR,Israel,USD_PPP,2018,40247.09
1052,ISR,Israel,USD_PPP,2019,40950.352
1053,ISR,Israel,USD_PPP,2020,40222.664
1054,ISR,Israel,USD_PPP,2021,44052.109
1055,LVA,Latvia,USD_PPP,1995,5517.9443
1056,LVA,Latvia,USD_PPP,1996,5809.0581
1057,LVA,Latvia,USD_PPP,1997,6487.5986
1058,LVA,Latvia,USD_PPP,1998,7068.5352
1059,LVA,Latvia,USD_PPP,1999,7405.7715
1060,LVA,Latvia,USD_PPP,2000,8040.3618
1061,LVA,Latvia,USD_PPP,2001,9043.9033
1062,LVA,Latvia,USD_PPP,2002,10080.311
1063,LVA,Latvia,USD_PPP,2003,11060.826
1064,LVA,Latvia,USD_PPP,2004,12279.4
1065,LVA,Latvia,USD_PPP,2005,13914.156
1066,LVA,Latvia,USD_PPP,2006,15854.825
1067,LVA,Latvia,USD_PPP,2007,18232.807
1068,LVA,Latvia,USD_PPP,2008,19569.533
1069,LVA,Latvia,USD_PPP,2009,17022.102
1070,LVA,Latvia,USD_PPP,2010,17709.039
1071,LVA,Latvia,USD_PPP,2011,19256.801
1072,LVA,Latvia,USD_PPP,2012,21297.463
1073,LVA,Latvia,USD_PPP,2013,22637.201
1074,LVA,Latvia,USD_PPP,2014,23810.211
1075,LVA,Latvia,USD_PPP,2015,24975.488
1076,LVA,Latvia,USD_PPP,2016,26724.439
1077,LVA,Latvia,USD_PPP,2017,28689.59
1078,LVA,Latvia,USD_PPP,2018,30891.854
1079,LVA,Latvia,USD_PPP,2019,32938.707
1080,LVA,Latvia,USD_PPP,2020,33011.434
1081,LVA,Latvia,USD_PPP,2021,35045.922
1082,LTU,Lithuania,USD_PPP,1995,5930.8511
1083,LTU,Lithuania,USD_PPP,1996,6385.731
1084,LTU,Lithuania,USD_PPP,1997,7069.5596
1085,LTU,Lithuania,USD_PPP,1998,7762.9834
1086,LTU,Lithuania,USD_PPP,1999,7820.7852
1087,LTU,Lithuania,USD_PPP,2000,8447.1084
1088,LTU,Lithuania,USD_PPP,2001,9437.5146
1089,LTU,Lithuania,USD_PPP,2002,10480.696
1090,LTU,Lithuania,USD_PPP,2003,12068.241
1091,LTU,Lithuania,USD_PPP,2004,13030.518
1092,LTU,Lithuania,USD_PPP,2005,14510.719
1093,LTU,Lithuania,USD_PPP,2006,16481.412
1094,LTU,Lithuania,USD_PPP,2007,19096.713
1095,LTU,Lithuania,USD_PPP,2008,20721.014
1096,LTU,Lithuania,USD_PPP,2009,18117.656
1097,LTU,Lithuania,USD_PPP,2010,20096.646
1098,LTU,Lithuania,USD_PPP,2011,22884.926
1099,LTU,Lithuania,USD_PPP,2012,24703.686
1100,LTU,Lithuania,USD_PPP,2013,26721.58
1101,LTU,Lithuania,USD_PPP,2014,28184.473
1102,LTU,Lithuania,USD_PPP,2015,28834.428
1103,LTU,Lithuania,USD_PPP,2016,30925.17
1104,LTU,Lithuania,USD_PPP,2017,33761.871
1105,LTU,Lithuania,USD_PPP,2018,36376.527
1106,LTU,Lithuania,USD_PPP,2019,39950.961
1107,LTU,Lithuania,USD_PPP,2020,40128.316
1108,LTU,Lithuania,USD_PPP,2021,43699.086
1109,SAU,Saudi Arabia,USD_PPP,1995,37263.648
1110,SAU,Saudi Arabia,USD_PPP,1996,38141.102
1111,SAU,Saudi Arabia,USD_PPP,1997,38474.941
1112,SAU,Saudi Arabia,USD_PPP,1998,39274.871
1113,SAU,Saudi Arabia,USD_PPP,1999,37551.473
1114,SAU,Saudi Arabia,USD_PPP,2000,39644.531
1115,SAU,Saudi Arabia,USD_PPP,2001,39033.176
1116,SAU,Saudi Arabia,USD_PPP,2002,37464.035
1117,SAU,Saudi Arabia,USD_PPP,2003,41273.391
1118,SAU,Saudi Arabia,USD_PPP,2004,44429.664
1119,SAU,Saudi Arabia,USD_PPP,2005,47007.445
1120,SAU,Saudi Arabia,USD_PPP,2006,48445.973
1121,SAU,Saudi Arabia,USD_PPP,2007,49321.219
1122,SAU,Saudi Arabia,USD_PPP,2008,51991.824
1123,SAU,Saudi Arabia,USD_PPP,2009,49862.238
1124,SAU,Saudi Arabia,USD_PPP,2010,51356.84
1125,SAU,Saudi Arabia,USD_PPP,2011,56127.035
1126,SAU,Saudi Arabia,USD_PPP,2012,57693.984
1127,SAU,Saudi Arabia,USD_PPP,2013,56563.355
1128,SAU,Saudi Arabia,USD_PPP,2014,56613.457
1129,SAU,Saudi Arabia,USD_PPP,2015,49491.324
1130,SAU,Saudi Arabia,USD_PPP,2016,46289.754
1131,SAU,Saudi Arabia,USD_PPP,2017,48014.344
1132,SAU,Saudi Arabia,USD_PPP,2018,49189.285
1133,SAU,Saudi Arabia,USD_PPP,2019,49055.871
1134,SAU,Saudi Arabia,USD_PPP,2020,46512.246
1135,SAU,Saudi Arabia,USD_PPP,2021,49386.004
1136,SVN,Slovenia,USD_PPP,1995,13636.333
1137,SVN,Slovenia,USD_PPP,1996,14299.479
1138,SVN,Slovenia,USD_PPP,1997,15279.89
1139,SVN,Slovenia,USD_PPP,1998,16050.553
1140,SVN,Slovenia,USD_PPP,1999,17077.49
1141,SVN,Slovenia,USD_PPP,2000,18000.43
1142,SVN,Slovenia,USD_PPP,2001,18952.861
1143,SVN,Slovenia,USD_PPP,2002,20236.432
1144,SVN,Slovenia,USD_PPP,2003,21107.688
1145,SVN,Slovenia,USD_PPP,2004,22758.107
1146,SVN,Slovenia,USD_PPP,2005,23848.602
1147,SVN,Slovenia,USD_PPP,2006,25706.209
1148,SVN,Slovenia,USD_PPP,2007,27563.496
1149,SVN,Slovenia,USD_PPP,2008,29594.688
1150,SVN,Slovenia,USD_PPP,2009,27511.16
1151,SVN,Slovenia,USD_PPP,2010,27822.244
1152,SVN,Slovenia,USD_PPP,2011,28931.439
1153,SVN,Slovenia,USD_PPP,2012,29048.342
1154,SVN,Slovenia,USD_PPP,2013,29979.607
1155,SVN,Slovenia,USD_PPP,2014,30872.719
1156,SVN,Slovenia,USD_PPP,2015,31631.818
1157,SVN,Slovenia,USD_PPP,2016,33942.766
1158,SVN,Slovenia,USD_PPP,2017,36517.609
1159,SVN,Slovenia,USD_PPP,2018,39008.277
1160,SVN,Slovenia,USD_PPP,2019,42076.059
1161,SVN,Slovenia,USD_PPP,2020,40864.418
1162,SVN,Slovenia,USD_PPP,2021,43981.5
1163,ZAF,South Africa,USD_PPP,1995,6894.5786
1164,ZAF,South Africa,USD_PPP,1996,7169.9814
1165,ZAF,South Africa,USD_PPP,1997,7328.3667
1166,ZAF,South Africa,USD_PPP,1998,7290.1641
1167,ZAF,South Africa,USD_PPP,1999,7446.7603
1168,ZAF,South Africa,USD_PPP,2000,7776.584
1169,ZAF,South Africa,USD_PPP,2001,8024.9429
1170,ZAF,South Africa,USD_PPP,2002,8224.5654
1171,ZAF,South Africa,USD_PPP,2003,8485.6143
1172,ZAF,South Africa,USD_PPP,2004,9042.8906
1173,ZAF,South Africa,USD_PPP,2005,9685.1572
1174,ZAF,South Africa,USD_PPP,2006,10430.311
1175,ZAF,South Africa,USD_PPP,2007,11203.969
1176,ZAF,South Africa,USD_PPP,2008,11714.999
1177,ZAF,South Africa,USD_PPP,2009,11333.609
1178,ZAF,South Africa,USD_PPP,2010,11686.728
1179,ZAF,South Africa,USD_PPP,2011,12272.387
1180,ZAF,South Africa,USD_PPP,2012,12186.131
1181,ZAF,South Africa,USD_PPP,2013,12616.606
1182,ZAF,South Africa,USD_PPP,2014,12717.613
1183,ZAF,South Africa,USD_PPP,2015,12772.252
1184,ZAF,South Africa,USD_PPP,2016,12827.604
1185,ZAF,South Africa,USD_PPP,2017,12952.217
1186,ZAF,South Africa,USD_PPP,2018,12918.154
1187,ZAF,South Africa,USD_PPP,2019,12905.438
1188,ZAF,South Africa,USD_PPP,2020,11933.288
1189,ZAF,South Africa,USD_PPP,2021,14441.864
1190,PER,Peru,USD_PPP,2017,12356.534
1191,PER,Peru,USD_PPP,2018,13016.504
1192,PER,Peru,USD_PPP,2019,13137.716
1193,PER,Peru,USD_PPP,2020,11722.42
1194,PER,Peru,USD_PPP,2021,13702.394
1195,ROU,Romania,USD_PPP,1995,5430.2319
1196,ROU,Romania,USD_PPP,1996,5748.5474
1197,ROU,Romania,USD_PPP,1997,5566.1694
1198,ROU,Romania,USD_PPP,1998,5545.6973
1199,ROU,Romania,USD_PPP,1999,5599.9482
1200,ROU,Romania,USD_PPP,2000,5850.9106
1201,ROU,Romania,USD_PPP,2001,6439.2852
1202,ROU,Romania,USD_PPP,2002,7180.4092
1203,ROU,Romania,USD_PPP,2003,7560.2993
1204,ROU,Romania,USD_PPP,2004,8990.3271
1205,ROU,Romania,USD_PPP,2005,9602.1484
1206,ROU,Romania,USD_PPP,2006,11554.899
1207,ROU,Romania,USD_PPP,2007,13701.673
1208,ROU,Romania,USD_PPP,2008,16782.154
1209,ROU,Romania,USD_PPP,2009,16632.744
1210,ROU,Romania,USD_PPP,2010,17355.924
1211,ROU,Romania,USD_PPP,2011,18802.854
1212,ROU,Romania,USD_PPP,2012,19807.102
1213,ROU,Romania,USD_PPP,2013,19672.246
1214,ROU,Romania,USD_PPP,2014,20624.326
1215,ROU,Romania,USD_PPP,2015,21617.289
1216,ROU,Romania,USD_PPP,2016,23899.779
1217,ROU,Romania,USD_PPP,2017,26937.459
1218,ROU,Romania,USD_PPP,2018,29553.045
1219,ROU,Romania,USD_PPP,2019,33028.059
1220,ROU,Romania,USD_PPP,2020,33325.492
1221,ROU,Romania,USD_PPP,2021,36255.859
1222,HRV,Croatia,USD_PPP,1995,8054.4839
1223,HRV,Croatia,USD_PPP,1996,8804.3369
1224,HRV,Croatia,USD_PPP,1997,9534.3184
1225,HRV,Croatia,USD_PPP,1998,9887.5234
1226,HRV,Croatia,USD_PPP,1999,9939.96
1227,HRV,Croatia,USD_PPP,2000,10669.451
1228,HRV,Croatia,USD_PPP,2001,11648.251
1229,HRV,Croatia,USD_PPP,2002,12765.081
1230,HRV,Croatia,USD_PPP,2003,13690.492
1231,HRV,Croatia,USD_PPP,2004,14681.811
1232,HRV,Croatia,USD_PPP,2005,15449.704
1233,HRV,Croatia,USD_PPP,2006,17604.313
1234,HRV,Croatia,USD_PPP,2007,19515.975
1235,HRV,Croatia,USD_PPP,2008,20972.676
1236,HRV,Croatia,USD_PPP,2009,20221.949
1237,HRV,Croatia,USD_PPP,2010,20044.031
1238,HRV,Croatia,USD_PPP,2011,21082.762
1239,HRV,Croatia,USD_PPP,2012,21456.207
1240,HRV,Croatia,USD_PPP,2013,22141.127
1241,HRV,Croatia,USD_PPP,2014,22373.082
1242,HRV,Croatia,USD_PPP,2015,23313.893
1243,HRV,Croatia,USD_PPP,2016,25271.883
1244,HRV,Croatia,USD_PPP,2017,27171.768
1245,HRV,Croatia,USD_PPP,2018,28887.842
1246,HRV,Croatia,USD_PPP,2019,31572.729
1247,HRV,Croatia,USD_PPP,2020,29690.227
1248,HRV,Croatia,USD_PPP,2021,34022.559
1249,BGR,Bulgaria,USD_PPP,1995,7743.479
1250,BGR,Bulgaria,USD_PPP,1996,6849.0532
1251,BGR,Bulgaria,USD_PPP,1997,5750.5371
1252,BGR,Bulgaria,USD_PPP,1998,6177.9673
1253,BGR,Bulgaria,USD_PPP,1999,5807.7998
1254,BGR,Bulgaria,USD_PPP,2000,6422.8398
1255,BGR,Bulgaria,USD_PPP,2001,7044.3911
1256,BGR,Bulgaria,USD_PPP,2002,7755.0005
1257,BGR,Bulgaria,USD_PPP,2003,8365.5166
1258,BGR,Bulgaria,USD_PPP,2004,9125.498
1259,BGR,Bulgaria,USD_PPP,2005,10183.852
1260,BGR,Bulgaria,USD_PPP,2006,11261.229
1261,BGR,Bulgaria,USD_PPP,2007,12629.316
1262,BGR,Bulgaria,USD_PPP,2008,14100.621
1263,BGR,Bulgaria,USD_PPP,2009,13918.848
1264,BGR,Bulgaria,USD_PPP,2010,14681.058
1265,BGR,Bulgaria,USD_PPP,2011,15747.101
1266,BGR,Bulgaria,USD_PPP,2012,16327.88
1267,BGR,Bulgaria,USD_PPP,2013,16647.057
1268,BGR,Bulgaria,USD_PPP,2014,17616.834
1269,BGR,Bulgaria,USD_PPP,2015,18391.904
1270,BGR,Bulgaria,USD_PPP,2016,20074.369
1271,BGR,Bulgaria,USD_PPP,2017,21469.895
1272,BGR,Bulgaria,USD_PPP,2018,23015.941
1273,BGR,Bulgaria,USD_PPP,2019,25170.078
1274,BGR,Bulgaria,USD_PPP,2020,25293.658
1275,BGR,Bulgaria,USD_PPP,2021,28105.867
